,minibatch_loss,epoch_avg_loss,epoch_val_loss,learning_rate,evaluation_loss,training_confusion_matrix,validation_confusion_matrix,evaluation_confusion_matrix,train_ious,train_dices,train_precision,train_recall,train_specificity,train_sensitivity,val_ious,val_dices,val_precision,val_recall,val_specificity,val_sensitivity,test_ious,test_dices,test_precision,test_recall,test_specificity,test_sensitivity
0,0.9427688717842102,,,,,,,,,,,,,,,,,,,,,,,,,
1,,0.9427688717842102,,0.001,,"[[4.19919897e+01 2.03010842e+01 3.76425990e+01]
 [5.22189670e-02 1.19668466e-02 1.41285084e-04]
 [0.00000000e+00 0.00000000e+00 0.00000000e+00]]",,,[0.41997075 0.00058761 0.        ],[0.59152028 0.00117452 0.        ],[9.98757999e-01 5.89121083e-04 0.00000000e+00],[0.42019019 0.18603119        nan],[0.18822754 0.79685848 0.6235726 ],[0.42019019 0.18603119        nan],,,,,,,,,,,,
2,,,0.9648633599281311,0.001,,,"[[3.26090212e+00 9.67062067e+01 0.00000000e+00]
 [0.00000000e+00 3.28911675e-02 0.00000000e+00]
 [0.00000000e+00 0.00000000e+00 0.00000000e+00]]",,,,,,,,[3.26197502e-02 3.39998700e-04 1.00000000e+00],[6.31786294e-02 6.79766281e-04 1.00000000e+00],[1.000000e+00 3.399987e-04          nan],[0.03261975 1.                nan],[1.         0.03261975 1.        ],[0.03261975 1.                nan],,,,,,
3,0.9289398193359375,,,,,,,,,,,,,,,,,,,,,,,,,
4,,0.9289398193359375,,0.001,,"[[6.55907525e+01 1.66822080e+01 1.76627124e+01]
 [0.00000000e+00 6.43270987e-02 0.00000000e+00]
 [0.00000000e+00 0.00000000e+00 0.00000000e+00]]",,,[0.65632972 0.00384122 0.        ],[0.79251095 0.00765304 0.        ],[1.         0.00384122 0.        ],[0.65632972 1.                nan],[1.         0.83307054 0.82337288],[0.65632972 1.                nan],,,,,,,,,,,,
5,,,0.9612225294113159,0.001,,,"[[8.41502437e+00 9.15519997e+01 8.47710503e-05]
 [0.00000000e+00 3.28911675e-02 0.00000000e+00]
 [0.00000000e+00 0.00000000e+00 0.00000000e+00]]",,,,,,,,[0.08417793 0.00035913 0.        ],[0.15528435 0.00071801 0.        ],[1.00000000e+00 3.59133119e-04 0.00000000e+00],[0.08417793 1.                nan],[1.         0.08417878 0.99999915],[0.08417793 1.                nan],,,,,,
6,0.925358235836029,,,,,,,,,,,,,,,,,,,,,,,,,
7,,0.925358235836029,,0.001,,"[[7.98255497e+01 1.77730278e+01 2.33709547e+00]
 [0.00000000e+00 6.43270987e-02 0.00000000e+00]
 [0.00000000e+00 0.00000000e+00 0.00000000e+00]]",,,[0.79876932 0.00360631 0.        ],[0.88812869 0.00718671 0.        ],[1.         0.00360631 0.        ],[0.79876932 1.                nan],[1.         0.82215532 0.97662905],[0.79876932 1.                nan],,,,,,,,,,,,
8,,,0.957324743270874,0.001,,,"[[2.14057781e+01 7.82137694e+01 3.47561306e-01]
 [0.00000000e+00 3.28911675e-02 0.00000000e+00]
 [0.00000000e+00 0.00000000e+00 0.00000000e+00]]",,,,,,,,[0.21412821 0.00042035 0.        ],[0.35272751 0.00084035 0.        ],[1.00000000e+00 4.20352348e-04 0.00000000e+00],[0.21412821 1.                nan],[1.         0.21760497 0.99652439],[0.21412821 1.                nan],,,,,,
9,0.9214562177658081,,,,,,,,,,,,,,,,,,,,,,,,,
10,,0.9214562177658081,,0.001,,"[[8.03733119e+01 1.75141370e+01 2.04822399e+00]
 [0.00000000e+00 6.43270987e-02 0.00000000e+00]
 [0.00000000e+00 0.00000000e+00 0.00000000e+00]]",,,[0.80425047 0.00365943 0.        ],[0.89150645 0.00729217 0.        ],[1.         0.00365943 0.        ],[0.80425047 1.                nan],[1.         0.82474589 0.97951776],[0.80425047 1.                nan],,,,,,,,,,,,
11,,,0.9540959596633911,0.001,,,"[[3.47486708e+01 6.11976906e+01 4.02074743e+00]
 [0.00000000e+00 3.28911675e-02 0.00000000e+00]
 [0.00000000e+00 0.00000000e+00 0.00000000e+00]]",,,,,,,,[0.34760104 0.00053717 0.        ],[0.51588123 0.00107376 0.        ],[1.00000000e+00 5.37168953e-04 0.00000000e+00],[0.34760104 1.                nan],[1.         0.38782174 0.95979253],[0.34760104 1.                nan],,,,,,
12,0.9177234172821045,,,,,,,,,,,,,,,,,,,,,,,,,
13,,0.9177234172821045,,0.001,,"[[8.03724642e+01 1.66484691e+01 2.91473954e+00]
 [0.00000000e+00 6.43270987e-02 0.00000000e+00]
 [0.00000000e+00 0.00000000e+00 0.00000000e+00]]",,,[0.80424199 0.00384897 0.        ],[0.89150124 0.00766843 0.        ],[1.         0.00384897 0.        ],[0.80424199 1.                nan],[1.         0.83340814 0.9708526 ],[0.80424199 1.                nan],,,,,,,,,,,,
14,,,0.9518198370933533,0.001,,,"[[4.18419026e+01 4.63790752e+01 1.17461310e+01]
 [0.00000000e+00 3.28346535e-02 5.65140336e-05]
 [0.00000000e+00 0.00000000e+00 0.00000000e+00]]",,,,,,,,[0.41855669 0.00070746 0.        ],[0.59011627 0.00141392 0.        ],[1.00000000e+00 7.07461804e-04 0.00000000e+00],[0.41855669 0.99828179        nan],[1.         0.53605665 0.88253812],[0.41855669 0.99828179        nan],,,,,,
15,0.9145747423171997,,,,,,,,,,,,,,,,,,,,,,,,,
16,,0.9145747423171997,,0.001,,"[[8.02602273e+01 1.55313986e+01 4.14404692e+00]
 [0.00000000e+00 6.43270987e-02 0.00000000e+00]
 [0.00000000e+00 0.00000000e+00 0.00000000e+00]]",,,[0.8031189  0.00412466 0.        ],[0.8908108  0.00821544 0.        ],[1.         0.00412466 0.        ],[0.8031189 1.              nan],[1.         0.84458604 0.95855953],[0.8031189 1.              nan],,,,,,,,,,,,
17,,,0.9508529901504517,0.001,,,"[[4.60198438e+01 3.43504164e+01 1.95968487e+01]
 [0.00000000e+00 2.87373861e-02 4.15378147e-03]
 [0.00000000e+00 0.00000000e+00 0.00000000e+00]]",,,,,,,,[0.46034985 0.00083579 0.        ],[0.63046516 0.00167019 0.        ],[1.00000000e+00 8.35895678e-04 0.00000000e+00],[0.46034985 0.87371134        nan],[1.         0.65638282 0.80398998],[0.46034985 0.87371134        nan],,,,,,
18,0.9120672345161438,,,,,,,,,,,,,,,,,,,,,,,,,
19,,0.9120672345161438,,0.001,,"[[8.02274775e+01 1.43361551e+01 5.37204036e+00]
 [0.00000000e+00 6.43270987e-02 0.00000000e+00]
 [0.00000000e+00 0.00000000e+00 0.00000000e+00]]",,,[0.80279119 0.00446701 0.        ],[0.89060918 0.00889429 0.        ],[1.         0.00446701 0.        ],[0.80279119 1.                nan],[1.         0.85654617 0.9462796 ],[0.80279119 1.                nan],,,,,,,,,,,,
20,,,0.950690507888794,0.001,,,"[[4.81737914e+01 2.57388221e+01 2.60544954e+01]
 [0.00000000e+00 2.23654288e-02 1.05257388e-02]
 [0.00000000e+00 0.00000000e+00 0.00000000e+00]]",,,,,,,,[0.48189642 0.00086783 0.        ],[0.650378   0.00173415 0.        ],[1.00000000e+00 8.68183144e-04 0.00000000e+00],[0.48189642 0.67998282        nan],[1.         0.74252709 0.73934979],[0.48189642 0.67998282        nan],,,,,,
21,0.9100781083106995,,,,,,,,,,,,,,,,,,,,,,,,,
22,,0.9100781083106995,,0.001,,"[[8.03290897e+01 1.31570745e+01 6.44950867e+00]
 [0.00000000e+00 6.43270987e-02 0.00000000e+00]
 [0.00000000e+00 0.00000000e+00 0.00000000e+00]]",,,[0.80380796 0.00486538 0.        ],[0.89123452 0.00968364 0.        ],[1.         0.00486538 0.        ],[0.80380796 1.                nan],[1.         0.86834456 0.93550491],[0.80380796 1.                nan],,,,,,,,,,,,
23,,,0.9502267837524414,0.001,,,"[[4.98923690e+01 1.97009899e+01 3.03737499e+01]
 [0.00000000e+00 1.87202736e-02 1.41708939e-02]
 [0.00000000e+00 0.00000000e+00 0.00000000e+00]]",,,,,,,,[0.49908785 0.00094864 0.        ],[0.66585537 0.00189547 0.        ],[1.00000000e+00 9.49317888e-04 0.00000000e+00],[0.49908785 0.56915808        nan],[1.         0.80292528 0.69612079],[0.49908785 0.56915808        nan],,,,,,
24,0.9084905982017517,,,,,,,,,,,,,,,,,,,,,,,,,
25,,0.9084905982017517,,0.0001,,"[[8.06312985e+01 1.19572534e+01 7.34712106e+00]
 [0.00000000e+00 6.43270987e-02 0.00000000e+00]
 [0.00000000e+00 0.00000000e+00 0.00000000e+00]]",,,[0.806832   0.00535097 0.        ],[0.89309022 0.01064498 0.        ],[1.         0.00535097 0.        ],[0.806832 1.            nan],[1.         0.8803505  0.92652879],[0.806832 1.            nan],,,,,,,,,,,,
26,,,0.9476619362831116,0.0001,,,"[[5.73905097e+01 1.82908517e+01 2.42857474e+01]
 [0.00000000e+00 1.85224745e-02 1.43686930e-02]
 [0.00000000e+00 0.00000000e+00 0.00000000e+00]]",,,,,,,,[0.57409392 0.00101085 0.        ],[0.72942779 0.00201965 0.        ],[1.         0.00101164 0.        ],[0.57409392 0.56314433        nan],[1.         0.8170313  0.75699884],[0.57409392 0.56314433        nan],,,,,,
27,0.9083456993103027,,,,,,,,,,,,,,,,,,,,,,,,,
28,,0.9083456993103027,,0.0001,,"[[8.06852976e+01 1.18362003e+01 7.41417496e+00]
 [0.00000000e+00 6.43270987e-02 0.00000000e+00]
 [0.00000000e+00 0.00000000e+00 0.00000000e+00]]",,,[0.80737234 0.0054054  0.        ],[0.89342115 0.01075268 0.        ],[1.        0.0054054 0.       ],[0.80737234 1.                nan],[1.         0.88156181 0.92585825],[0.80737234 1.                nan],,,,,,,,,,,,
29,,,0.9455488920211792,0.0001,,,"[[6.27869359e+01 1.71131417e+01 2.00670313e+01]
 [0.00000000e+00 1.85507315e-02 1.43404360e-02]
 [0.00000000e+00 0.00000000e+00 0.00000000e+00]]",,,,,,,,[0.62807594 0.00108193 0.        ],[0.77155607 0.00216151 0.        ],[1.         0.00108283 0.        ],[0.62807594 0.56400344        nan],[1.         0.82881228 0.79918628],[0.62807594 0.56400344        nan],,,,,,
30,0.908196210861206,,,,,,,,,,,,,,,,,,,,,,,,,
31,,0.908196210861206,,0.0001,,"[[8.07615068e+01 1.17164894e+01 7.45767664e+00]
 [0.00000000e+00 6.43270987e-02 0.00000000e+00]
 [0.00000000e+00 0.00000000e+00 0.00000000e+00]]",,,[0.80813492 0.00546033 0.        ],[0.89388785 0.01086135 0.        ],[1.         0.00546033 0.        ],[0.80813492 1.                nan],[1.         0.88275969 0.92542323],[0.80813492 1.                nan],,,,,,,,,,,,
32,,,0.9437726140022278,0.0001,,,"[[6.66983569e+01 1.61907196e+01 1.70780323e+01]
 [0.00000000e+00 1.85931170e-02 1.42980505e-02]
 [0.00000000e+00 0.00000000e+00 0.00000000e+00]]",,,,,,,,[0.66720302 0.00114605 0.        ],[0.80038605 0.00228948 0.        ],[1.         0.00114706 0.        ],[0.66720302 0.5652921         nan],[1.         0.83803953 0.8290767 ],[0.66720302 0.5652921         nan],,,,,,
33,0.9080436825752258,,,,,,,,,,,,,,,,,,,,,,,,,
34,,0.9080436825752258,,0.0001,,"[[8.08556168e+01 1.15981491e+01 7.48190703e+00]
 [0.00000000e+00 6.43270987e-02 0.00000000e+00]
 [0.00000000e+00 0.00000000e+00 0.00000000e+00]]",,,[0.80907662 0.00551573 0.        ],[0.89446363 0.01097095 0.        ],[1.         0.00551573 0.        ],[0.80907662 1.                nan],[1.         0.88394385 0.92518093],[0.80907662 1.                nan],,,,,,,,,,,,
35,,,0.9422478675842285,0.0001,,,"[[6.95786935e+01 1.54262260e+01 1.49621893e+01]
 [0.00000000e+00 1.85931170e-02 1.42980505e-02]
 [0.00000000e+00 0.00000000e+00 0.00000000e+00]]",,,,,,,,[0.69601586 0.00120273 0.        ],[0.82076575 0.00240257 0.        ],[1.         0.00120384 0.        ],[0.69601586 0.5652921         nan],[1.         0.84568698 0.85023513],[0.69601586 0.5652921         nan],,,,,,
36,0.9078894257545471,,,,,,,,,,,,,,,,,,,,,,,,,
37,,0.9078894257545471,,0.0001,,"[[8.09655084e+01 1.14768841e+01 7.49328048e+00]
 [0.00000000e+00 6.43270987e-02 0.00000000e+00]
 [0.00000000e+00 0.00000000e+00 0.00000000e+00]]",,,[0.81017625 0.00557369 0.        ],[0.89513521 0.01108559 0.        ],[1.         0.00557369 0.        ],[0.81017625 1.                nan],[1.         0.88515728 0.9250672 ],[0.81017625 1.                nan],,,,,,,,,,,,
38,,,0.9409310817718506,0.0001,,,"[[7.17975899e+01 1.47513213e+01 1.34181976e+01]
 [0.00000000e+00 1.84800890e-02 1.44110786e-02]
 [0.00000000e+00 0.00000000e+00 0.00000000e+00]]",,,,,,,,[0.71821213 0.00124999 0.        ],[0.83599937 0.00249686 0.        ],[1.         0.00125121 0.        ],[0.71821213 0.56185567        nan],[1.         0.85243825 0.86567391],[0.71821213 0.56185567        nan],,,,,,
39,0.9077344536781311,,,,,,,,,,,,,,,,,,,,,,,,,
40,,0.9077344536781311,,0.0001,,"[[8.10852051e+01 1.13556473e+01 7.49482049e+00]
 [0.00000000e+00 6.43270987e-02 0.00000000e+00]
 [0.00000000e+00 0.00000000e+00 0.00000000e+00]]",,,[0.81137398 0.00563286 0.        ],[0.89586578 0.01120261 0.        ],[1.         0.00563286 0.        ],[0.81137398 1.                nan],[1.         0.88637043 0.9250518 ],[0.81137398 1.                nan],,,,,,,,,,,,
41,,,0.9397860765457153,0.0001,,,"[[7.35672421e+01 1.41787776e+01 1.22210891e+01]
 [0.00000000e+00 1.83388039e-02 1.45523636e-02]
 [0.00000000e+00 0.00000000e+00 0.00000000e+00]]",,,,,,,,[0.73591447 0.0012904  0.        ],[0.8478695  0.00257748 0.        ],[1.         0.00129173 0.        ],[0.73591447 0.55756014        nan],[1.         0.85816557 0.87764359],[0.73591447 0.55756014        nan],,,,,,
42,0.9075787663459778,,,,,,,,,,,,,,,,,,,,,,,,,
43,,0.9075787663459778,,0.0001,,"[[8.12119802e+01 1.12348203e+01 7.48887239e+00]
 [0.00000000e+00 6.43270987e-02 0.00000000e+00]
 [0.00000000e+00 0.00000000e+00 0.00000000e+00]]",,,[0.81264255 0.00569309 0.        ],[0.8966385  0.01132173 0.        ],[1.         0.00569309 0.        ],[0.81264255 1.                nan],[1.         0.88757948 0.92511128],[0.81264255 1.                nan],,,,,,,,,,,,
44,,,0.938784122467041,0.0001,,,"[[7.49908023e+01 1.36825703e+01 1.12937362e+01]
 [0.00000000e+00 1.83246754e-02 1.45664922e-02]
 [0.00000000e+00 0.00000000e+00 0.00000000e+00]]",,,,,,,,[0.75015476 0.00133606 0.        ],[0.85724391 0.00266855 0.        ],[1.         0.00133748 0.        ],[0.75015476 0.55713058        nan],[1.         0.86312928 0.88691697],[0.75015476 0.55713058        nan],,,,,,
45,0.9074238538742065,,,,,,,,,,,,,,,,,,,,,,,,,
46,,0.9074238538742065,,0.0001,,"[[8.13482496e+01 1.11130043e+01 7.47441892e+00]
 [0.00000000e+00 6.43270987e-02 0.00000000e+00]
 [0.00000000e+00 0.00000000e+00 0.00000000e+00]]",,,[0.81400612 0.00575514 0.        ],[0.89746789 0.01144441 0.        ],[1.         0.00575514 0.        ],[0.81400612 1.                nan],[1.         0.88879842 0.92525581],[0.81400612 1.                nan],,,,,,,,,,,,
47,,,0.9379024505615234,0.0001,,,"[[7.61511767e+01 1.32404751e+01 1.05754570e+01]
 [0.00000000e+00 1.82399043e-02 1.46512632e-02]
 [0.00000000e+00 0.00000000e+00 0.00000000e+00]]",,,,,,,,[0.76176232 0.00137417 0.        ],[0.86477309 0.00274457 0.        ],[1.         0.00137569 0.        ],[0.76176232 0.55455326        nan],[1.         0.86755168 0.89409892],[0.76176232 0.55455326        nan],,,,,,
48,0.907270073890686,,,,,,,,,,,,,,,,,,,,,,,,,
49,,0.907270073890686,,0.0001,,"[[8.14903401e+01 1.09915557e+01 7.45377717e+00]
 [0.00000000e+00 6.43270987e-02 0.00000000e+00]
 [0.00000000e+00 0.00000000e+00 0.00000000e+00]]",,,[0.81542794 0.00581836 0.        ],[0.89833138 0.0115694  0.        ],[1.         0.00581836 0.        ],[0.81542794 1.                nan],[1.         0.89001369 0.92546223],[0.81542794 1.                nan],,,,,,,,,,,,
50,,,0.9371180534362793,0.0001,,,"[[7.71114915e+01 1.28431956e+01 1.00124218e+01]
 [0.00000000e+00 1.81833903e-02 1.47077772e-02]
 [0.00000000e+00 0.00000000e+00 0.00000000e+00]]",,,,,,,,[0.77136863 0.00141218 0.        ],[0.87092953 0.00282038 0.        ],[1.        0.0014138 0.       ],[0.77136863 0.55283505        nan],[1.         0.87152579 0.8997287 ],[0.77136863 0.55283505        nan],,,,,,
51,0.9071176648139954,,,,,,,,,,,,,,,,,,,,,,,,,
52,,0.9071176648139954,,0.0001,,"[[8.16359485e+01 1.08707287e+01 7.42899577e+00]
 [0.00000000e+00 6.43270987e-02 0.00000000e+00]
 [0.00000000e+00 0.00000000e+00 0.00000000e+00]]",,,[0.81688496 0.00588265 0.        ],[0.89921484 0.01169649 0.        ],[1.         0.00588265 0.        ],[0.81688496 1.                nan],[1.         0.89122274 0.92571004],[0.81688496 1.                nan],,,,,,,,,,,,
53,,,0.9364265203475952,0.0001,,,"[[7.79079579e+01 1.24844304e+01 9.57472059e+00]
 [0.00000000e+00 1.81692618e-02 1.47219057e-02]
 [0.00000000e+00 0.00000000e+00 0.00000000e+00]]",,,,,,,,[0.77933591 0.00145153 0.        ],[0.87598514 0.00289885 0.        ],[1.         0.00145324 0.        ],[0.77933591 0.5524055         nan],[1.         0.87511462 0.90410557],[0.77933591 0.5524055         nan],,,,,,
54,0.9069669246673584,,,,,,,,,,,,,,,,,,,,,,,,,
55,,0.9069669246673584,,0.0001,,"[[8.17827154e+01 1.07459881e+01 7.40696942e+00]
 [0.00000000e+00 6.43270987e-02 0.00000000e+00]
 [0.00000000e+00 0.00000000e+00 0.00000000e+00]]",,,[0.81835358 0.00595053 0.        ],[0.9001039  0.01183066 0.        ],[1.         0.00595053 0.        ],[0.81835358 1.                nan],[1.         0.89247095 0.92593031],[0.81835358 1.                nan],,,,,,,,,,,,
56,,,0.935814380645752,0.0001,,,"[[7.85890367e+01 1.21531169e+01 9.22495524e+00]
 [0.00000000e+00 1.80986192e-02 1.47925483e-02]
 [0.00000000e+00 0.00000000e+00 0.00000000e+00]]",,,,,,,,[0.78614894 0.0014852  0.        ],[0.88027255 0.00296599 0.        ],[1.       0.001487 0.      ],[0.78614894 0.55025773        nan],[1.         0.87842885 0.90760252],[0.78614894 0.55025773        nan],,,,,,
57,0.9068180918693542,,,,,,,,,,,,,,,,,,,,,,,,,
58,,0.9068180918693542,,0.0001,,"[[8.19351479e+01 1.06221941e+01 7.37833094e+00]
 [0.00000000e+00 6.43270987e-02 0.00000000e+00]
 [0.00000000e+00 0.00000000e+00 0.00000000e+00]]",,,[0.81987888 0.00601946 0.        ],[0.90102577 0.01196689 0.        ],[1.         0.00601946 0.        ],[0.81987888 1.                nan],[1.         0.89370969 0.92621669],[0.81987888 1.                nan],,,,,,,,,,,,
59,,,0.9352763891220093,0.0001,,,"[[7.91783933e+01 1.18416680e+01 8.94704748e+00]
 [0.00000000e+00 1.79573342e-02 1.49338334e-02]
 [0.00000000e+00 0.00000000e+00 0.00000000e+00]]",,,,,,,,[0.79204445 0.00151225 0.        ],[0.88395625 0.00301994 0.        ],[1.         0.00151416 0.        ],[0.79204445 0.5459622         nan],[1.         0.88154436 0.91038019],[0.79204445 0.5459622         nan],,,,,,
60,0.9066714644432068,,,,,,,,,,,,,,,,,,,,,,,,,
61,,0.9066714644432068,,0.0001,,"[[8.20877358e+01 1.04985272e+01 7.34940988e+00]
 [0.00000000e+00 6.43270987e-02 0.00000000e+00]
 [0.00000000e+00 0.00000000e+00 0.00000000e+00]]",,,[0.82140574 0.00608994 0.        ],[0.90194702 0.01210614 0.        ],[1.         0.00608994 0.        ],[0.82140574 1.                nan],[1.         0.89494715 0.9265059 ],[0.82140574 1.                nan],,,,,,,,,,,,
62,,,0.9348008036613464,0.0001,,,"[[7.96994951e+01 1.15504088e+01 8.71720491e+00]
 [0.00000000e+00 1.78443061e-02 1.50468614e-02]
 [0.00000000e+00 0.00000000e+00 0.00000000e+00]]",,,,,,,,[0.79725718 0.00154052 0.        ],[0.88719321 0.0030763  0.        ],[1.         0.00154252 0.        ],[0.79725718 0.54252577        nan],[1.         0.88445791 0.91267748],[0.79725718 0.54252577        nan],,,,,,
63,0.9065271019935608,,,,,,,,,,,,,,,,,,,,,,,,,
64,,0.9065271019935608,,0.0001,,"[[8.22448589e+01 1.03723314e+01 7.31848258e+00]
 [0.00000000e+00 6.43270987e-02 0.00000000e+00]
 [0.00000000e+00 0.00000000e+00 0.00000000e+00]]",,,[0.82297799 0.00616357 0.        ],[0.90289405 0.01225163 0.        ],[1.         0.00616357 0.        ],[0.82297799 1.                nan],[1.         0.89620992 0.92681517],[0.82297799 1.                nan],,,,,,,,,,,,
65,,,0.9343807697296143,0.0001,,,"[[8.01524692e+01 1.12850754e+01 8.52956419e+00]
 [0.00000000e+00 1.76606355e-02 1.52305320e-02]
 [0.00000000e+00 0.00000000e+00 0.00000000e+00]]",,,,,,,,[0.80178841 0.00156041 0.        ],[0.88999175 0.00311595 0.        ],[1.         0.00156251 0.        ],[0.80178841 0.53694158        nan],[1.         0.88711212 0.91455205],[0.80178841 0.53694158        nan],,,,,,
66,0.9063849449157715,,,,,,,,,,,,,,,,,,,,,,,,,
67,,0.9063849449157715,,1e-05,,"[[8.23958927e+01 1.02499079e+01 7.28987235e+00]
 [0.00000000e+00 6.43270987e-02 0.00000000e+00]
 [0.00000000e+00 0.00000000e+00 0.00000000e+00]]",,,[0.8244893  0.00623673 0.        ],[0.90380283 0.01239615 0.        ],[1.         0.00623673 0.        ],[0.8244893 1.              nan],[1.         0.89743494 0.92710128],[0.8244893 1.              nan],,,,,,,,,,,,
68,,,0.9339420199394226,1e-05,,,"[[8.05749399e+01 1.11285033e+01 8.26366566e+00]
 [0.00000000e+00 1.77030210e-02 1.51881465e-02]
 [0.00000000e+00 0.00000000e+00 0.00000000e+00]]",,,,,,,,[0.80601451 0.00158609 0.        ],[0.89258918 0.00316716 0.        ],[1.         0.00158826 0.        ],[0.80601451 0.53823024        nan],[1.         0.88867835 0.91721146],[0.80601451 0.53823024        nan],,,,,,
69,0.9063708782196045,,,,,,,,,,,,,,,,,,,,,,,,,
70,,0.9063708782196045,,1e-05,,"[[8.24117307e+01 1.02374748e+01 7.28646738e+00]
 [0.00000000e+00 6.43270987e-02 0.00000000e+00]
 [0.00000000e+00 0.00000000e+00 0.00000000e+00]]",,,[0.82464778 0.00624426 0.        ],[0.90389804 0.01241102 0.        ],[1.         0.00624426 0.        ],[0.82464778 1.                nan],[1.         0.89755935 0.92713533],[0.82464778 1.                nan],,,,,,,,,,,,
71,,,0.9335633516311646,1e-05,,,"[[8.09298480e+01 1.09886311e+01 8.04862976e+00]
 [0.00000000e+00 1.78019206e-02 1.50892470e-02]
 [0.00000000e+00 0.00000000e+00 0.00000000e+00]]",,,,,,,,[0.80956476 0.0016152  0.        ],[0.89476185 0.00322518 0.        ],[1.         0.00161741 0.        ],[0.80956476 0.54123711        nan],[1.         0.89007753 0.91936281],[0.80956476 0.54123711        nan],,,,,,
72,0.9063567519187927,,,,,,,,,,,,,,,,,,,,,,,,,
73,,0.9063567519187927,,1e-05,,"[[8.24271025e+01 1.02249569e+01 7.28361342e+00]
 [0.00000000e+00 6.43270987e-02 0.00000000e+00]
 [0.00000000e+00 0.00000000e+00 0.00000000e+00]]",,,[0.8248016  0.00625185 0.        ],[0.90399044 0.01242602 0.        ],[1.         0.00625185 0.        ],[0.8248016 1.              nan],[1.         0.89768461 0.92716387],[0.8248016 1.              nan],,,,,,,,,,,,
74,,,0.933234453201294,1e-05,,,"[[8.12274509e+01 1.08678888e+01 7.87176909e+00]
 [0.00000000e+00 1.77595350e-02 1.51316325e-02]
 [0.00000000e+00 0.00000000e+00 0.00000000e+00]]",,,,,,,,[0.81254176 0.0016292  0.        ],[0.89657715 0.0032531  0.        ],[1.         0.00163146 0.        ],[0.81254176 0.53994845        nan],[1.         0.89128535 0.92113099],[0.81254176 0.53994845        nan],,,,,,
75,0.9063423871994019,,,,,,,,,,,,,,,,,,,,,,,,,
76,,0.9063423871994019,,1e-05,,"[[8.24435340e+01 1.02124815e+01 7.27965743e+00]
 [0.00000000e+00 6.43270987e-02 0.00000000e+00]
 [0.00000000e+00 0.00000000e+00 0.00000000e+00]]",,,[0.82496602 0.00625944 0.        ],[0.90408918 0.01244101 0.        ],[1.         0.00625944 0.        ],[0.82496602 1.                nan],[1.         0.89780945 0.92720343],[0.82496602 1.                nan],,,,,,,,,,,,
77,,,0.9329454898834229,1e-05,,,"[[8.14876980e+01 1.07561182e+01 7.72329260e+00]
 [0.00000000e+00 1.78019206e-02 1.50892470e-02]
 [0.00000000e+00 0.00000000e+00 0.00000000e+00]]",,,,,,,,[0.81514509 0.00165001 0.        ],[0.89815971 0.00329457 0.        ],[1.         0.00165232 0.        ],[0.81514509 0.54123711        nan],[1.         0.89240343 0.92261618],[0.81514509 0.54123711        nan],,,,,,
78,0.906328022480011,,,,,,,,,,,,,,,,,,,,,,,,,
79,,0.906328022480011,,1.0000000000000002e-06,,"[[8.24600926e+01 1.02008678e+01 7.27471246e+00]
 [0.00000000e+00 6.43270987e-02 0.00000000e+00]
 [0.00000000e+00 0.00000000e+00 0.00000000e+00]]",,,[0.82513171 0.00626652 0.        ],[0.90418867 0.012455   0.        ],[1.         0.00626652 0.        ],[0.82513171 1.                nan],[1.         0.89792566 0.92725288],[0.82513171 1.                nan],,,,,,,,,,,,
80,,,0.9326879382133484,1.0000000000000002e-06,,,"[[8.17114371e+01 1.06623614e+01 7.59331032e+00]
 [0.00000000e+00 1.78866916e-02 1.50044759e-02]
 [0.00000000e+00 0.00000000e+00 0.00000000e+00]]",,,,,,,,[0.81738322 0.0016724  0.        ],[0.89951663 0.00333921 0.        ],[1.         0.00167474 0.        ],[0.81738322 0.54381443        nan],[1.         0.8933413  0.92391685],[0.81738322 0.54381443        nan],,,,,,
81,0.9063265919685364,,,,,,,,,,,,,,,,,,,,,,,,,
82,,0.9063265919685364,,1.0000000000000002e-06,,"[[8.24613642e+01 1.01997234e+01 7.27458530e+00]
 [0.00000000e+00 6.43270987e-02 0.00000000e+00]
 [0.00000000e+00 0.00000000e+00 0.00000000e+00]]",,,[0.82514443 0.00626722 0.        ],[0.90419631 0.01245638 0.        ],[1.         0.00626722 0.        ],[0.82514443 1.                nan],[1.         0.89793711 0.92725415],[0.82514443 1.                nan],,,,,,,,,,,,
83,,,0.9324628710746765,1.0000000000000002e-06,,,"[[8.19022850e+01 1.05774350e+01 7.48738889e+00]
 [0.00000000e+00 1.78866916e-02 1.50044759e-02]
 [0.00000000e+00 0.00000000e+00 0.00000000e+00]]",,,,,,,,[0.81929232 0.00168578 0.        ],[0.90067145 0.00336589 0.        ],[1.         0.00168817 0.        ],[0.81929232 0.54381443        nan],[1.         0.89419085 0.92497607],[0.81929232 0.54381443        nan],,,,,,
84,0.906325101852417,,,,,,,,,,,,,,,,,,,,,,,,,
85,,0.906325101852417,,1.0000000000000002e-06,,"[[8.24631161e+01 1.01984801e+01 7.27407667e+00]
 [0.00000000e+00 6.43270987e-02 0.00000000e+00]
 [0.00000000e+00 0.00000000e+00 0.00000000e+00]]",,,[0.82516196 0.00626798 0.        ],[0.90420684 0.01245788 0.        ],[1.         0.00626798 0.        ],[0.82516196 1.                nan],[1.         0.89794955 0.92725923],[0.82516196 1.                nan],,,,,,,,,,,,
86,,,0.9322664141654968,1.0000000000000002e-06,,,"[[8.20637738e+01 1.05037265e+01 7.39960847e+00]
 [0.00000000e+00 1.79149486e-02 1.49762189e-02]
 [0.00000000e+00 0.00000000e+00 0.00000000e+00]]",,,,,,,,[0.82090774 0.00170026 0.        ],[0.90164672 0.00339474 0.        ],[1.         0.00170268 0.        ],[0.82090774 0.54467354        nan],[1.         0.89492818 0.92585415],[0.82090774 0.54467354        nan],,,,,,
87,0.9063236713409424,,,,,,,,,,,,,,,,,,,,,,,,,
88,,0.9063236713409424,,1.0000000000000002e-07,,"[[8.24646844e+01 1.01973357e+01 7.27365282e+00]
 [0.00000000e+00 6.43270987e-02 0.00000000e+00]
 [0.00000000e+00 0.00000000e+00 0.00000000e+00]]",,,[0.82517766 0.00626868 0.        ],[0.90421626 0.01245926 0.        ],[1.         0.00626868 0.        ],[0.82517766 1.                nan],[1.         0.897961   0.92726347],[0.82517766 1.                nan],,,,,,,,,,,,
89,,,0.93209308385849,1.0000000000000002e-07,,,"[[8.22023321e+01 1.04383257e+01 7.32645105e+00]
 [0.00000000e+00 1.79149486e-02 1.49762189e-02]
 [0.00000000e+00 0.00000000e+00 0.00000000e+00]]",,,,,,,,[0.82229378 0.00171088 0.        ],[0.90248213 0.00341591 0.        ],[1.         0.00171333 0.        ],[0.82229378 0.54467354        nan],[1.         0.8955824  0.92658573],[0.82229378 0.54467354        nan],,,,,,
0,,,,,1.7549247741699219,,,"[[8.19918456e+01 1.06444465e+01 7.20678259e+00]
 [4.80369285e-04 1.26690335e-01 2.97546387e-02]
 [0.00000000e+00 0.00000000e+00 0.00000000e+00]]",,,,,,,,,,,,,[0.82120319 0.0117291  0.        ],[0.9018249  0.02318624 0.        ],[0.99999414 0.01176202 0.        ],[0.82120714 0.80732871        nan],[0.99693887 0.89338823 0.92763463],[0.82120714 0.80732871        nan]
